{
  "project_info": {
    "project_number": "115319093619",
    "project_id": "login-page-32d71",
    "storage_bucket": "login-page-32d71.appspot.com"
  },
  "client": [
    {
      "client_info": {
        "mobilesdk_app_id": "1:115319093619:android:2fd91139cf20e36063ed06",
        "android_client_info": {
          "package_name": "com.example.loginpage"
        }
      },
      "oauth_client": [
        {
          "client_id": "115319093619-st1ifr6fsnsj7d6r0j75o9r983no6902.apps.googleusercontent.com",
          "client_type": 3
        }
      ],
      "api_key": [
        {
          "current_key": "AIzaSyDlSDGVZKVrI2zY1T_3RMOoBpQTY_J-e8Q"
        }
      ],
      "services": {
        "appinvite_service": {
          "other_platform_oauth_client": [
            {
              "client_id": "115319093619-st1ifr6fsnsj7d6r0j75o9r983no6902.apps.googleusercontent.com",
              "client_type": 3
            }
          ]
        }
      }
    }
  ],
  "configuration_version": "1"
}